{
    "process_path": "CONFIGS_COST_SPD3/slo_500/cv_4.0/mean_provision/lambda_303/303_4.0.deltas", 
    "batch_size": 30, 
    "gpu_affinities": [
        "0 1", 
        "2 3"
    ], 
    "num_trials": 30, 
    "cpu_affinities": [
        "0 1 2 3 16 17 18 19", 
        "4 5 6 7 20 21 22 23"
    ], 
    "trial_length": 1515, 
    "replica_nums": [
        0, 
        1
    ], 
    "slo_millis": 500, 
    "cv": 4.0, 
    "process_mean_thru": 299.4001333289788, 
    "max_estimated_thru": 313.10721923825054, 
    "process_peak_thru": 472.0, 
    "lambda": 303
}