{
    "process_path": "CONFIGS_COST_SPD3/slo_1000/cv_0.1/mean_provision/lambda_183/183_0.1.deltas", 
    "batch_size": 62, 
    "gpu_affinities": [
        "0 1", 
        "2 3"
    ], 
    "num_trials": 30, 
    "cpu_affinities": [
        "0 1 2 3 16 17 18 19", 
        "4 5 6 7 20 21 22 23"
    ], 
    "trial_length": 915, 
    "replica_nums": [
        0, 
        1
    ], 
    "slo_millis": 1000, 
    "cv": 0.1, 
    "process_mean_thru": 183.12174575211768, 
    "max_estimated_thru": 203.77042910991304, 
    "process_peak_thru": 199.0, 
    "lambda": 183
}