{
    "process_path": "CONFIGS_COST_SPD3/slo_1000/cv_4.0/peak_provision/lambda_518/518_4.0.deltas", 
    "batch_size": 62, 
    "gpu_affinities": [
        "0 1", 
        "2 3"
    ], 
    "num_trials": 30, 
    "cpu_affinities": [
        "0 1 2 3 16 17 18 19", 
        "4 5 6 7 20 21 22 23"
    ], 
    "trial_length": 2590, 
    "replica_nums": [
        4, 
        5
    ], 
    "slo_millis": 1000, 
    "cv": 4.0, 
    "process_mean_thru": 520.8589163592915, 
    "max_estimated_thru": 713.1965018846956, 
    "process_peak_thru": 676.0, 
    "lambda": 518
}