{
    "process_path": "CONFIGS_COST_SPD3/slo_1000/cv_1.0/mean_provision/lambda_507/507.deltas", 
    "batch_size": 62, 
    "gpu_affinities": [
        "0 1", 
        "2 3"
    ], 
    "num_trials": 30, 
    "cpu_affinities": [
        "0 1 2 3 16 17 18 19", 
        "4 5 6 7 20 21 22 23"
    ], 
    "trial_length": 2535, 
    "replica_nums": [
        2, 
        3
    ], 
    "slo_millis": 1000, 
    "cv": 1.0, 
    "process_mean_thru": 504.3494427472607, 
    "max_estimated_thru": 509.4260727747826, 
    "process_peak_thru": 568.0, 
    "lambda": 507
}