{
    "process_path": "CONFIGS_COST_SPD3/slo_1000/cv_1.0/mean_provision/lambda_159/159.deltas", 
    "batch_size": 62, 
    "gpu_affinities": [
        "0 1", 
        "2 3"
    ], 
    "num_trials": 30, 
    "cpu_affinities": [
        "0 1 2 3 16 17 18 19", 
        "4 5 6 7 20 21 22 23"
    ], 
    "trial_length": 795, 
    "replica_nums": [
        0, 
        1
    ], 
    "slo_millis": 1000, 
    "cv": 1.0, 
    "process_mean_thru": 158.44070970467055, 
    "max_estimated_thru": 203.77042910991304, 
    "process_peak_thru": 211.0, 
    "lambda": 159
}