{
    "process_path": "CONFIGS_COST_SPD3/slo_500/cv_0.1/peak_provision/lambda_116/116_0.1.deltas", 
    "batch_size": 30, 
    "gpu_affinities": [
        "0 1", 
        "2 3"
    ], 
    "num_trials": 30, 
    "cpu_affinities": [
        "0 1 2 3 16 17 18 19", 
        "4 5 6 7 20 21 22 23"
    ], 
    "trial_length": 580, 
    "replica_nums": [
        0, 
        1
    ], 
    "slo_millis": 500, 
    "cv": 0.1, 
    "process_mean_thru": 116.15919939935685, 
    "max_estimated_thru": 208.73814615883367, 
    "process_peak_thru": 132.0, 
    "lambda": 116
}