{
    "process_path": "CONFIGS_COST_SPD3/slo_1000/cv_1.0/peak_provision/lambda_180/180.deltas", 
    "batch_size": 62, 
    "gpu_affinities": [
        "0 1", 
        "2 3"
    ], 
    "num_trials": 30, 
    "cpu_affinities": [
        "0 1 2 3 16 17 18 19", 
        "4 5 6 7 20 21 22 23"
    ], 
    "trial_length": 900, 
    "replica_nums": [
        0, 
        1
    ], 
    "slo_millis": 1000, 
    "cv": 1.0, 
    "process_mean_thru": 179.94176170666324, 
    "max_estimated_thru": 305.65564366486956, 
    "process_peak_thru": 225.0, 
    "lambda": 180
}