{
    "process_path": "CONFIGS_COST_SPD3/slo_350/cv_1.0/peak_provision/lambda_146/146.deltas", 
    "batch_size": 20, 
    "gpu_affinities": [
        "0 1", 
        "2 3"
    ], 
    "num_trials": 30, 
    "cpu_affinities": [
        "0 1 2 3 16 17 18 19", 
        "4 5 6 7 20 21 22 23"
    ], 
    "trial_length": 730, 
    "replica_nums": [
        0, 
        1
    ], 
    "slo_millis": 350, 
    "cv": 1.0, 
    "process_mean_thru": 146.64122880173525, 
    "max_estimated_thru": 301.003997929723, 
    "process_peak_thru": 234.28571428571428, 
    "lambda": 146
}